Date,Time,Stretcher Pts hrly,Stretcher Pts cum,Ambulatory Pts hrly,Ambulatory Pts cum,Total Inflow hrly,Total Inflow cum,Ambulances hrly,Ambulances cum,FLS hrly,Adm. requests cum,Admissions cum,Pts.waiting for admission CUM,Total Stretcher pts,Triage hallway pts,Triage hallway pts TBS,Re-Oriented Nurse cum,Re-Oriented MD QTrack D/C,Re-Oriented MD QTrack NotD/C,Resus Pts,Totalpts in PODs except Psych,Green Pts,Green Pts TBS,Yellow PTS,Yellow Pts TBS,Orancge Pts except psych,Orange Pts TBS,Consults > 2h in PODS except IM,Consult for IM >4h in PODS,Plain films reqs > 2 h in PODs,CTs reqs > 2 h in PODs,Post POD (Family room),Stretcher Pts in Vertical,Stretcher Pts TBS in Vertical,Stretcher Pts in Vertical on Lazyboy,Vertical Pts Waiting for Results,Ambulatory Pts in Vertical,Ambulatory Pts TBS in Vertical,QTrack Patients TBS,GARAGE patient TBS,Consults > 2h in Vertical Except IM,Consult for IM >4h in Vertical,Plain films reqs > 2 hr in Vertical,CTs reqs > 2 hrs in Vertical,Psych Stretcher Pts1pt,Psych pts waiting for admission,ds,Total Pod TBS,Total Vertical TBS,Stretcher Overflow
05/24/23,20,9,151,4,72,13,223,1,33,0,28,11,28,104,3,3,26,3,6,4,54,19,2,17,0,18,4,10,2,3,7,0,29,9,6,6,13,10,4,0,2,1,0,6,14,8,2023-05-24 20:00:00,9,23,3
05/24/23,21,8,159,3,75,11,234,4,37,0,29,12,28,105,3,3,26,3,6,4,53,18,2,17,3,18,4,11,2,1,8,0,30,9,7,6,10,9,2,0,4,1,1,7,15,8,2023-05-24 21:00:00,12,20,3
05/24/23,22,3,162,2,77,5,239,0,37,0,33,15,29,109,2,2,26,3,3,4,56,20,3,18,2,18,4,8,3,0,5,0,32,11,8,8,13,12,2,0,6,1,0,6,15,10,2023-05-24 22:00:00,11,25,2
05/24/23,23,8,170,1,78,9,248,3,40,0,36,22,25,108,2,2,26,4,2,5,54,20,3,17,1,17,2,8,3,0,1,0,32,13,8,7,12,10,2,0,5,1,0,6,15,11,2023-05-24 23:00:00,8,25,2
05/24/23,24,2,172,2,80,4,252,3,43,0,40,24,27,99,2,2,26,4,3,4,53,20,1,16,1,17,0,8,3,0,4,0,25,12,8,6,11,11,3,0,3,1,0,5,15,12,2023-05-25 00:00:00,4,26,2
05/25/23,1,1,1,2,2,3,3,0,0,0,0,0,27,93,0,0,1,0,3,5,52,19,1,16,2,17,0,7,3,0,2,0,21,8,8,4,11,10,3,0,3,0,1,7,15,12,2023-05-25 01:00:00,3,21,0
05/25/23,2,2,3,2,4,4,7,0,0,0,3,2,28,90,0,0,2,0,3,5,48,17,2,15,1,16,0,5,4,0,3,0,22,6,9,5,11,11,3,0,5,0,1,5,15,12,2023-05-25 02:00:00,3,20,0
05/25/23,3,1,4,0,4,1,8,0,0,0,4,2,29,87,0,0,2,0,3,4,47,16,1,15,1,16,0,6,3,0,4,0,20,4,10,5,12,12,3,0,5,0,1,2,16,13,2023-05-25 03:00:00,2,19,0
05/25/23,4,1,5,0,4,1,9,0,0,0,5,2,30,85,0,0,2,0,3,3,47,16,0,15,0,16,0,8,3,0,2,0,19,1,13,5,12,11,3,0,6,0,2,5,16,13,2023-05-25 04:00:00,0,15,0
05/25/23,5,1,6,0,4,1,10,1,1,0,6,2,31,85,0,0,2,0,3,3,48,17,1,15,0,16,0,8,4,0,3,0,18,1,13,6,7,5,1,0,6,0,2,5,16,13,2023-05-25 05:00:00,1,7,0
05/25/23,6,3,9,0,4,3,13,2,3,0,8,2,33,82,0,0,2,0,3,3,49,17,1,16,0,16,0,9,2,0,2,0,14,0,10,6,4,0,0,0,6,1,2,7,16,13,2023-05-25 06:00:00,1,0,0
05/25/23,7,1,10,2,6,3,16,1,4,0,8,2,33,87,0,0,2,0,3,4,42,13,0,16,1,13,0,6,1,0,2,7,18,0,12,7,2,1,1,0,9,2,2,5,16,13,2023-05-25 07:00:00,1,2,7
05/25/23,8,7,17,7,13,14,30,1,5,0,8,3,31,84,0,0,3,0,3,4,39,12,0,16,1,11,0,7,1,0,2,7,18,2,12,4,9,9,1,0,9,2,2,6,16,13,2023-05-25 08:00:00,1,12,7
05/25/23,9,6,23,8,21,14,44,1,6,0,8,3,31,97,0,0,4,0,3,5,41,13,1,15,0,13,1,9,1,0,4,6,29,2,11,3,7,7,1,0,8,2,2,5,16,13,2023-05-25 09:00:00,2,10,6
05/25/23,10,6,29,5,26,11,55,2,8,0,11,5,31,93,0,0,5,0,1,3,40,12,0,15,0,13,0,9,1,0,5,5,29,2,12,9,6,5,1,0,10,2,2,2,16,13,2023-05-25 10:00:00,0,8,5
05/25/23,11,5,34,11,37,16,71,2,10,0,14,7,32,92,0,0,8,0,5,3,37,11,0,14,0,12,1,6,1,1,5,5,30,0,13,8,6,6,5,0,10,2,2,2,17,13,2023-05-25 11:00:00,1,11,5
05/25/23,12,8,42,4,41,12,83,3,13,0,16,10,30,92,0,0,8,1,6,3,40,13,1,14,0,13,1,5,0,1,5,3,33,0,14,10,7,7,3,0,6,1,1,2,13,11,2023-05-25 12:00:00,2,10,3
05/25/23,13,5,47,8,49,13,96,0,13,1,17,11,29,88,0,0,10,2,7,3,38,13,0,11,0,14,0,2,0,1,3,0,34,3,11,9,3,3,3,0,2,1,1,4,13,11,2023-05-25 13:00:00,0,9,0
05/25/23,14,9,56,8,57,17,113,3,16,0,18,13,29,85,0,0,13,4,8,3,39,14,1,11,2,14,0,6,0,1,3,0,29,5,10,7,2,2,4,0,1,1,1,3,14,12,2023-05-25 14:00:00,3,11,0
05/25/23,15,6,62,4,61,10,123,1,17,0,18,15,27,84,0,0,14,5,7,3,41,15,1,11,0,15,1,9,0,2,6,0,27,8,7,8,4,4,2,0,3,1,0,4,13,11,2023-05-25 15:00:00,2,14,0
05/25/23,16,9,71,3,64,12,135,4,21,0,22,18,27,82,0,0,16,8,6,2,45,16,1,13,2,16,3,8,0,0,3,0,21,3,7,8,5,5,1,0,5,0,0,4,14,11,2023-05-25 16:00:00,6,9,0
05/25/23,17,11,82,6,70,17,152,3,24,0,29,20,31,86,1,1,16,8,4,3,49,18,3,15,3,16,2,4,0,0,5,0,19,1,6,5,4,0,1,0,4,0,0,3,14,10,2023-05-25 17:00:00,9,2,1
05/25/23,18,7,89,4,74,11,163,2,26,0,30,23,29,88,0,0,16,8,1,5,50,19,3,14,3,17,2,4,0,1,2,0,19,2,7,6,9,5,0,0,6,0,0,4,14,10,2023-05-25 18:00:00,8,7,0
05/25/23,19,5,94,2,76,7,170,3,29,0,30,25,25,83,0,0,16,8,0,4,50,18,1,14,1,18,2,6,1,3,1,0,17,1,5,8,9,2,0,0,3,0,1,2,12,8,2023-05-25 19:00:00,4,3,0
05/25/23,20,8,102,1,77,9,179,2,31,0,37,29,26,80,0,0,16,8,0,3,49,18,3,12,1,19,1,3,0,2,1,0,17,3,4,6,7,2,0,0,2,0,1,5,11,8,2023-05-25 20:00:00,5,5,0
05/25/23,21,3,105,4,81,7,186,1,32,0,39,29,28,73,0,0,16,8,0,2,43,15,1,9,1,19,1,0,1,2,0,0,18,0,4,6,7,5,0,0,2,0,0,2,10,8,2023-05-25 21:00:00,3,5,0
05/25/23,22,6,111,2,83,8,194,2,34,0,39,32,25,71,0,0,16,8,0,2,45,16,1,11,2,18,0,4,1,2,1,0,13,1,6,2,8,5,0,0,2,0,0,3,11,8,2023-05-25 22:00:00,3,6,0
05/25/23,23,5,116,3,86,8,202,1,35,0,41,34,25,61,0,0,16,8,0,3,40,14,0,12,1,14,0,7,0,0,0,0,11,0,5,1,12,5,0,0,2,0,0,4,7,7,2023-05-25 23:00:00,1,5,0
05/25/23,24,7,123,2,88,9,211,2,37,0,41,34,25,63,0,0,16,8,0,3,40,16,3,12,1,12,0,8,1,0,0,0,12,4,6,6,5,5,0,0,1,0,0,2,8,8,2023-05-26 00:00:00,4,9,0
05/26/23,1,5,5,2,2,7,7,3,3,0,0,0,25,63,0,0,0,0,0,4,40,17,2,11,1,12,0,10,1,0,1,0,11,4,6,3,5,5,0,0,1,0,0,2,8,8,2023-05-26 01:00:00,3,9,0
05/26/23,2,6,11,1,3,7,14,0,3,0,1,1,25,66,0,0,0,0,0,4,43,17,0,12,1,14,2,14,0,0,0,0,10,0,7,2,9,9,0,0,1,0,0,2,9,8,2023-05-26 02:00:00,3,9,0
05/26/23,3,1,12,0,3,1,15,0,3,0,2,1,26,65,0,0,1,0,0,3,44,18,0,13,0,13,1,14,0,0,0,0,9,0,7,3,10,8,0,0,1,0,0,2,9,8,2023-05-26 03:00:00,1,8,0
05/26/23,4,4,16,0,3,4,19,3,6,0,2,2,25,68,0,0,1,0,0,3,45,17,0,14,1,14,1,14,0,0,0,0,10,0,7,4,8,8,0,0,2,0,0,3,10,8,2023-05-26 04:00:00,2,8,0
05/26/23,5,2,18,0,3,2,21,1,7,0,2,2,25,70,0,0,1,0,0,3,47,18,1,14,1,15,1,14,0,0,0,0,10,0,9,2,8,6,0,0,3,0,0,2,10,8,2023-05-26 05:00:00,3,6,0
05/26/23,6,0,18,0,3,0,21,0,7,0,3,2,26,69,0,0,1,0,0,3,46,18,1,13,1,15,1,15,0,0,0,0,10,0,9,6,3,2,0,0,4,0,0,2,10,8,2023-05-26 06:00:00,3,2,0
05/26/23,7,2,20,0,3,2,23,0,7,0,3,2,26,73,0,0,1,0,0,3,45,18,0,12,0,15,1,19,0,0,0,0,14,2,7,5,0,0,0,0,4,0,0,2,11,8,2023-05-26 07:00:00,1,2,0
05/26/23,8,1,21,6,9,7,30,0,7,0,4,3,26,70,0,0,1,0,0,2,44,16,0,13,0,15,1,18,0,0,1,0,13,0,6,1,5,2,0,0,3,0,0,3,11,8,2023-05-26 08:00:00,1,2,0
05/26/23,9,8,29,13,22,21,51,0,7,0,4,3,26,75,0,0,1,0,0,2,47,18,1,13,1,16,1,18,0,1,0,0,15,2,7,4,14,11,0,0,5,0,0,3,11,8,2023-05-26 09:00:00,3,13,0
05/26/23,10,9,38,7,29,16,67,3,10,0,6,4,27,75,1,1,1,0,3,2,48,17,0,15,2,16,0,21,0,0,0,0,13,0,8,5,18,9,1,0,5,0,0,2,11,8,2023-05-26 10:00:00,3,10,1
05/26/23,11,8,46,7,36,15,82,3,13,1,7,6,25,82,0,0,1,0,6,4,47,17,2,14,1,16,0,22,1,0,0,0,18,0,9,9,8,3,4,0,4,0,0,3,13,8,2023-05-26 11:00:00,3,7,0
05/26/23,12,5,51,11,47,16,98,1,14,0,7,6,25,84,1,1,5,1,6,3,48,18,3,15,3,15,0,17,2,0,3,2,17,2,8,7,14,6,2,0,4,0,0,3,13,8,2023-05-26 12:00:00,7,10,3
05/26/23,13,9,60,7,54,16,114,3,17,0,9,6,26,88,0,0,6,3,6,3,49,20,4,15,2,14,1,9,2,0,4,6,19,1,9,8,13,8,1,0,6,0,0,3,11,7,2023-05-26 13:00:00,7,10,6
05/26/23,14,6,66,7,61,13,127,1,18,0,11,7,27,91,0,0,8,7,5,3,52,20,2,15,1,17,2,9,0,0,2,6,18,2,10,5,14,7,2,0,7,0,1,2,12,6,2023-05-26 14:00:00,5,11,6
05/26/23,15,8,74,5,66,13,140,5,23,0,12,16,19,97,4,4,9,7,4,6,52,19,1,16,2,17,2,13,0,0,2,3,21,2,11,7,10,6,0,0,6,0,1,5,11,6,2023-05-26 15:00:00,9,8,7
05/26/23,16,9,83,8,74,17,157,3,26,0,14,16,18,94,5,5,9,9,4,5,49,18,1,16,4,15,1,12,1,0,2,3,20,0,10,8,12,6,1,0,5,1,0,4,12,6,2023-05-26 16:00:00,11,7,8
05/26/23,17,7,90,9,83,16,173,3,29,0,17,17,20,94,4,3,11,10,3,6,52,20,1,17,1,15,0,10,2,4,7,1,20,0,2,8,10,6,1,0,4,1,3,7,11,6,2023-05-26 17:00:00,5,7,5
05/26/23,18,9,99,5,88,14,187,4,33,0,20,24,17,91,6,5,11,10,6,6,48,19,0,15,0,14,0,8,1,3,8,1,20,1,3,7,8,7,3,0,2,0,3,2,10,6,2023-05-26 18:00:00,5,11,7
05/26/23,19,3,102,4,92,7,194,2,35,0,24,27,18,84,0,0,11,10,7,5,51,21,1,15,2,15,2,6,0,4,7,0,19,1,3,5,4,4,2,0,2,0,2,4,9,5,2023-05-26 19:00:00,5,7,0
05/26/23,20,5,107,5,97,10,204,4,39,1,26,30,17,81,0,0,11,10,5,3,50,19,1,15,0,16,2,5,0,2,6,0,19,1,2,8,5,4,2,0,2,0,0,3,9,5,2023-05-26 20:00:00,3,7,0
05/26/23,21,7,114,6,103,13,217,4,43,0,26,30,17,84,0,0,11,10,4,5,51,20,1,15,1,16,3,5,1,2,4,0,19,1,2,6,6,6,0,0,1,1,0,3,9,5,2023-05-26 21:00:00,5,7,0
05/26/23,22,5,119,3,106,8,225,2,45,0,31,33,19,82,0,0,11,10,2,5,49,20,1,15,0,14,2,5,1,2,3,0,18,0,3,4,6,6,0,0,1,0,0,2,10,5,2023-05-26 22:00:00,3,6,0
05/26/23,23,1,120,3,109,4,229,0,45,0,32,33,20,71,0,0,11,10,0,5,47,18,1,13,0,16,2,7,1,0,2,0,9,0,3,0,7,7,0,0,1,0,0,2,10,6,2023-05-26 23:00:00,3,7,0
05/26/23,24,3,123,1,110,4,233,1,46,0,33,33,21,64,0,0,11,10,0,5,46,17,1,14,1,15,0,8,0,1,2,0,2,0,1,1,8,8,0,0,2,0,0,4,11,6,2023-05-27 00:00:00,2,8,0
05/27/23,1,4,4,1,1,5,5,1,1,0,2,0,23,61,0,0,0,0,1,5,44,17,0,12,0,15,2,8,0,3,4,0,2,1,1,0,7,7,1,0,2,0,0,2,10,7,2023-05-27 01:00:00,2,9,0
05/27/23,2,2,6,3,4,5,10,0,1,0,2,2,21,64,1,1,0,0,1,5,46,17,1,13,1,16,0,10,1,3,6,0,2,0,1,2,6,6,1,0,3,0,0,2,10,7,2023-05-27 02:00:00,3,7,1
05/27/23,3,1,7,3,7,4,14,0,1,0,5,5,21,61,0,0,0,0,0,4,46,16,0,13,0,17,1,13,1,3,6,0,1,0,1,1,6,6,0,0,3,0,0,2,10,7,2023-05-27 03:00:00,1,6,0
05/27/23,4,3,10,2,9,5,19,1,2,0,5,6,20,62,0,0,0,0,0,3,48,18,1,14,1,16,1,19,1,4,9,0,1,0,1,2,7,4,0,0,2,0,0,2,10,7,2023-05-27 04:00:00,3,4,0
05/27/23,5,2,12,0,9,2,21,0,2,0,6,6,21,61,0,0,1,0,0,3,47,18,0,14,1,15,1,20,1,1,2,0,1,0,1,4,6,2,0,0,2,0,1,3,10,7,2023-05-27 05:00:00,2,2,0
05/27/23,6,2,14,1,10,3,24,0,2,0,8,6,23,64,0,0,1,0,1,3,46,17,0,14,0,15,1,20,2,0,2,0,4,0,4,3,3,0,1,0,2,0,1,4,11,7,2023-05-27 06:00:00,1,1,0
05/27/23,7,4,18,5,15,9,33,0,2,1,9,6,24,63,0,0,1,0,3,4,44,16,0,15,0,13,0,20,1,0,2,0,4,0,4,4,7,7,3,0,2,0,0,4,11,7,2023-05-27 07:00:00,0,10,0
05/27/23,8,6,24,1,16,7,40,1,3,0,9,6,24,64,0,0,1,0,3,4,46,17,1,15,0,14,1,21,2,0,3,0,3,0,3,0,9,9,3,0,2,0,0,4,11,7,2023-05-27 08:00:00,2,12,0
05/27/23,9,3,27,7,23,10,50,1,4,0,9,6,24,71,0,0,1,0,4,4,44,15,1,15,1,14,1,20,2,0,2,1,11,3,4,1,7,6,2,0,2,0,2,5,11,7,2023-05-27 09:00:00,3,11,1
05/27/23,10,7,34,6,29,13,63,2,6,0,10,7,24,75,0,0,3,0,3,4,45,16,1,14,0,15,0,19,1,0,2,1,13,3,2,5,9,7,3,0,3,0,2,5,12,7,2023-05-27 10:00:00,1,13,1
05/27/23,11,9,43,5,34,14,77,3,9,0,11,7,24,75,1,1,3,0,5,5,43,15,3,13,0,15,0,14,1,0,2,3,12,2,3,6,13,9,3,0,5,0,2,5,11,6,2023-05-27 11:00:00,4,14,4
05/27/23,12,9,52,5,39,14,91,1,10,0,13,7,26,81,0,0,3,0,3,4,45,14,1,16,2,15,1,12,1,1,3,3,19,2,6,6,17,13,3,0,6,0,2,4,10,7,2023-05-27 12:00:00,4,18,3
05/27/23,13,7,59,6,45,13,104,3,13,0,16,9,27,75,0,0,5,0,3,6,44,15,2,16,1,13,0,12,0,2,3,4,11,1,3,2,22,18,3,0,4,0,1,3,10,7,2023-05-27 13:00:00,3,22,4
05/27/23,14,9,68,3,48,12,116,1,14,0,19,10,29,85,0,0,7,0,3,5,44,16,1,13,0,15,1,8,0,0,3,4,20,11,2,3,14,9,1,0,3,0,1,3,12,7,2023-05-27 14:00:00,2,21,4
05/27/23,15,13,81,4,52,17,133,2,16,0,21,11,30,89,0,0,7,0,4,4,41,16,2,11,0,14,0,11,0,1,8,5,28,18,3,4,14,11,2,0,4,0,1,3,11,7,2023-05-27 15:00:00,2,31,5
05/27/23,16,8,89,5,57,13,146,3,19,0,21,15,26,94,0,0,10,1,2,3,44,17,2,15,3,12,1,11,0,2,10,5,31,21,3,5,14,12,2,0,4,0,1,4,11,7,2023-05-27 16:00:00,6,35,5
05/27/23,17,11,100,6,63,17,163,3,22,0,22,15,27,95,1,1,12,1,1,4,46,18,3,13,0,15,2,11,0,2,11,4,29,18,3,5,14,11,1,0,6,0,1,3,11,7,2023-05-27 17:00:00,6,30,5
05/27/23,18,8,108,4,67,12,175,2,24,0,25,15,30,100,1,1,12,1,1,5,49,17,3,15,2,17,2,11,1,2,13,3,32,11,7,9,12,7,1,0,1,0,0,2,10,7,2023-05-27 18:00:00,8,19,4
05/27/23,19,6,114,2,69,8,183,1,25,1,28,16,32,106,0,0,13,1,1,5,53,21,6,15,1,17,1,9,1,7,16,3,36,12,8,10,10,6,1,0,1,0,0,2,9,8,2023-05-27 19:00:00,8,19,3
05/27/23,20,7,121,3,72,10,193,2,27,0,31,18,33,105,0,0,13,1,2,5,52,21,5,16,1,15,1,7,1,4,16,4,34,13,10,8,11,9,2,0,2,0,0,3,10,8,2023-05-27 20:00:00,7,24,4
05/27/23,21,5,126,7,79,12,205,4,31,0,33,22,30,100,0,0,14,1,3,5,50,20,1,15,0,15,2,6,1,2,10,4,32,10,12,9,16,15,2,0,2,0,2,4,9,7,2023-05-27 21:00:00,3,27,4
05/27/23,22,3,129,3,82,6,211,1,32,0,35,25,29,101,2,2,14,1,2,4,50,20,0,14,0,16,3,6,1,0,3,5,31,10,14,8,14,13,1,0,3,0,3,8,9,8,2023-05-27 22:00:00,5,24,7
05/27/23,23,5,134,2,84,7,218,1,33,0,37,27,29,94,0,0,14,1,2,3,51,21,2,14,1,16,4,6,1,0,1,5,26,6,10,6,14,12,1,0,5,0,1,7,9,8,2023-05-27 23:00:00,7,19,5
05/27/23,24,4,138,2,86,6,224,1,34,0,38,27,30,88,0,0,14,1,1,3,48,17,1,15,3,16,3,5,1,0,1,5,23,6,9,8,14,13,1,0,5,1,1,6,9,8,2023-05-28 00:00:00,7,20,5
05/28/23,1,5,5,4,4,9,9,4,4,0,3,1,32,89,0,0,0,0,2,5,49,20,1,13,3,16,3,6,3,0,6,5,21,7,10,5,18,18,2,0,5,1,1,6,9,9,2023-05-28 01:00:00,7,27,5
05/28/23,2,2,7,3,7,5,14,1,5,0,3,2,31,88,1,1,0,0,3,4,50,20,1,15,0,15,2,7,2,2,8,6,18,7,10,1,20,20,3,0,5,1,1,6,9,9,2023-05-28 02:00:00,4,30,7
05/28/23,3,0,7,1,8,1,15,0,5,0,3,3,30,85,0,0,0,0,3,4,48,18,0,14,0,16,0,10,2,1,1,6,17,7,9,1,20,20,3,0,6,0,2,3,10,9,2023-05-28 03:00:00,0,30,6
05/28/23,4,1,8,1,9,2,17,0,5,0,3,3,30,85,0,0,0,0,3,4,48,18,0,14,0,16,0,13,1,3,2,6,17,2,10,6,19,17,3,0,7,0,2,5,10,9,2023-05-28 04:00:00,0,22,6
05/28/23,5,2,10,0,9,2,19,1,6,0,3,3,30,87,0,0,0,0,3,3,51,19,1,15,1,17,0,15,2,4,1,6,17,2,10,9,16,13,3,0,8,0,3,5,10,9,2023-05-28 05:00:00,2,18,6
05/28/23,6,2,12,1,10,3,22,2,8,0,3,3,30,87,0,0,0,0,3,3,52,20,0,15,0,17,0,19,1,6,7,6,16,1,10,7,15,13,1,0,8,0,3,6,10,9,2023-05-28 06:00:00,0,15,6
05/28/23,7,3,15,2,12,5,27,1,9,0,4,4,30,87,1,1,0,0,3,3,53,20,1,16,0,17,0,18,0,4,1,6,14,0,9,8,11,11,2,0,8,0,3,7,10,9,2023-05-28 07:00:00,2,13,7
05/28/23,8,3,18,9,21,12,39,1,10,0,6,4,32,86,1,1,0,0,3,3,52,20,1,15,0,17,0,16,0,6,1,6,14,0,9,9,19,19,2,0,8,0,5,7,10,9,2023-05-28 08:00:00,2,21,7
05/28/23,9,3,21,7,28,10,49,1,11,0,6,5,30,85,0,0,0,0,2,2,54,21,2,15,0,18,1,16,0,5,2,6,13,0,9,3,22,12,1,0,7,0,5,6,10,9,2023-05-28 09:00:00,3,13,6
05/28/23,10,4,25,8,36,12,61,0,11,0,6,6,29,87,0,0,0,0,3,3,52,19,1,16,2,17,0,16,0,1,2,7,15,0,10,3,24,14,2,0,7,0,2,5,10,9,2023-05-28 10:00:00,3,16,7
05/28/23,11,3,28,9,45,12,73,0,11,0,6,6,29,81,0,0,1,0,2,3,51,19,0,16,1,16,0,14,0,0,2,5,11,0,7,7,28,13,0,0,5,0,2,8,11,9,2023-05-28 11:00:00,1,13,5
05/28/23,12,3,31,6,51,9,82,0,11,0,8,6,31,75,0,0,3,0,0,4,45,19,1,15,0,11,0,10,0,0,2,7,9,0,7,5,25,14,0,0,4,0,1,9,10,9,2023-05-28 12:00:00,1,14,7
05/28/23,13,7,38,7,58,14,96,2,13,0,10,7,31,73,0,0,4,0,0,3,49,21,2,14,0,14,1,15,0,0,5,6,5,0,4,7,30,17,0,0,3,0,1,8,10,9,2023-05-28 13:00:00,3,17,6
05/28/23,14,5,43,3,61,8,104,3,16,0,10,7,31,75,0,0,4,0,0,3,48,19,1,15,1,14,1,15,2,4,3,4,9,0,7,6,24,12,0,0,2,0,0,4,11,9,2023-05-28 14:00:00,3,12,4
05/28/23,15,10,53,2,63,12,116,2,18,0,11,9,30,75,0,0,4,0,0,3,49,20,2,14,2,15,1,16,2,2,4,4,8,0,6,6,27,14,0,0,4,0,0,2,11,9,2023-05-28 15:00:00,5,14,4
05/28/23,16,5,58,8,71,13,129,2,20,0,13,9,32,92,0,0,4,0,1,4,47,20,3,14,1,13,0,12,3,1,3,4,26,9,11,4,15,11,1,0,4,0,0,5,11,10,2023-05-28 16:00:00,4,21,4
05/28/23,17,5,63,7,78,12,141,1,21,0,15,11,32,90,1,1,4,0,1,4,43,18,1,12,0,13,0,10,3,0,2,2,29,9,13,2,19,16,1,0,1,0,0,4,11,11,2023-05-28 17:00:00,2,26,3
05/28/23,18,5,68,1,79,6,147,1,22,0,18,12,34,90,0,0,4,0,1,4,45,16,0,14,1,15,0,6,1,0,0,1,29,5,13,4,22,20,1,0,0,0,1,5,11,11,2023-05-28 18:00:00,1,26,1
05/28/23,19,8,76,1,80,9,156,3,25,0,19,12,35,93,0,0,4,0,1,3,48,17,3,15,1,16,0,6,2,0,1,0,31,7,14,4,19,14,1,0,2,0,2,6,11,11,2023-05-28 19:00:00,4,22,0
05/28/23,20,8,84,8,88,16,172,3,28,0,22,13,37,95,0,0,4,0,1,5,51,18,4,15,1,18,0,4,2,0,0,0,28,5,15,4,25,21,0,0,1,1,2,5,11,11,2023-05-28 20:00:00,5,26,0
05/28/23,21,10,94,4,92,14,186,3,31,0,22,15,35,95,1,1,5,0,1,4,51,19,3,14,0,18,0,4,3,1,0,0,26,5,12,5,27,22,0,0,2,1,2,4,13,11,2023-05-28 21:00:00,4,27,1
05/28/23,22,2,96,4,96,6,192,1,32,0,23,15,36,101,0,0,5,0,2,4,48,19,0,13,1,16,1,6,2,0,0,0,35,9,12,5,16,14,0,0,2,2,1,3,14,11,2023-05-28 22:00:00,2,23,0
05/28/23,23,8,104,5,101,13,205,5,37,0,23,21,30,94,3,3,6,0,2,4,45,18,0,11,1,16,0,7,4,0,1,0,27,7,9,9,18,15,0,0,1,2,1,4,15,11,2023-05-28 23:00:00,4,22,3
05/28/23,24,3,107,1,102,4,209,2,39,0,25,23,30,94,0,0,6,0,1,4,47,18,1,12,3,17,1,11,4,0,1,0,28,11,9,11,12,12,0,0,1,3,1,6,15,12,2023-05-29 00:00:00,5,23,0
05/29/23,1,1,1,2,2,3,3,1,1,0,3,0,33,87,0,0,1,0,1,5,46,17,1,12,2,17,1,16,4,0,3,0,20,10,7,7,10,10,0,0,2,2,1,2,16,13,2023-05-29 01:00:00,4,20,0
05/29/23,2,4,5,1,3,5,8,1,2,0,4,0,35,83,0,0,1,0,0,5,45,17,0,12,0,16,1,13,4,0,1,0,17,9,7,2,12,12,0,0,1,2,1,2,16,14,2023-05-29 02:00:00,1,21,0
05/29/23,3,3,8,3,6,6,14,1,3,0,7,0,37,87,0,0,1,0,0,5,45,15,0,14,1,16,0,17,3,0,1,0,21,13,6,2,11,10,0,0,2,3,1,2,16,14,2023-05-29 03:00:00,1,23,0
05/29/23,4,0,8,1,7,1,15,0,3,0,8,0,38,84,0,0,1,0,2,5,43,14,0,14,0,15,0,18,2,0,1,0,20,10,5,3,10,9,2,0,3,4,1,2,16,14,2023-05-29 04:00:00,0,21,0
05/29/23,5,3,11,0,7,3,18,0,3,0,9,1,38,82,0,0,1,0,2,4,44,16,1,13,0,15,0,20,3,0,1,0,18,6,6,5,7,4,2,0,3,3,1,2,16,14,2023-05-29 05:00:00,1,12,0
05/29/23,6,4,15,1,8,5,23,0,3,0,10,2,39,81,0,0,1,0,2,5,45,17,2,13,0,15,0,21,3,0,2,0,15,2,7,9,5,5,2,0,3,2,1,3,16,14,2023-05-29 06:00:00,2,9,0
05/29/23,7,7,22,0,8,7,30,1,4,0,12,2,41,82,0,0,1,0,2,5,46,16,0,14,1,16,1,21,3,0,0,0,15,3,4,8,7,7,2,0,2,2,1,2,16,14,2023-05-29 07:00:00,2,12,0
05/29/23,8,7,29,5,13,12,42,1,5,0,12,2,41,84,0,0,1,0,2,6,46,16,0,13,1,17,1,23,3,0,0,0,16,1,5,8,12,12,2,0,3,2,1,4,16,14,2023-05-29 08:00:00,2,15,0
05/29/23,9,14,43,8,21,22,64,4,9,1,13,2,41,86,0,0,3,0,3,5,51,18,2,15,3,18,2,23,3,0,0,0,15,0,4,4,20,13,3,0,5,1,1,2,15,13,2023-05-29 09:00:00,7,16,0
05/29/23,10,7,50,13,34,20,84,2,11,0,14,2,42,102,0,0,5,0,2,6,51,17,0,16,1,18,1,20,3,0,0,0,30,6,5,6,13,11,2,0,5,1,1,2,15,13,2023-05-29 10:00:00,2,19,0
05/29/23,11,12,62,10,44,22,106,4,15,0,16,4,42,105,2,2,10,0,4,5,49,16,0,16,3,17,0,15,3,0,0,5,29,4,5,6,16,14,4,0,10,1,1,2,15,13,2023-05-29 11:00:00,5,22,7
05/29/23,12,13,75,12,56,25,131,6,21,0,19,5,41,116,2,2,15,0,8,4,52,18,1,17,3,17,2,17,2,1,4,7,35,12,5,7,11,10,5,0,11,0,2,2,16,13,2023-05-29 12:00:00,8,27,9
05/29/23,13,10,85,11,67,21,152,3,24,0,22,6,42,119,7,7,15,0,11,4,55,19,1,18,2,18,4,13,1,2,2,6,31,11,3,8,14,14,6,0,5,0,4,3,16,13,2023-05-29 13:00:00,14,31,13
05/29/23,14,11,96,9,76,20,172,3,27,1,24,7,42,115,8,6,17,0,15,5,55,19,1,18,1,18,3,12,1,3,0,7,24,10,2,5,20,20,6,0,4,0,2,5,16,13,2023-05-29 14:00:00,11,36,15
05/29/23,15,9,105,4,80,13,185,1,28,0,27,13,38,108,6,5,17,0,13,4,52,18,1,16,1,18,1,13,1,6,0,11,20,5,2,7,23,22,4,0,7,0,2,8,15,13,2023-05-29 15:00:00,8,31,17
05/29/23,16,6,111,9,89,15,200,1,29,0,28,16,35,112,2,2,20,0,11,5,52,21,4,16,3,15,2,9,1,8,1,15,24,6,3,5,27,27,1,0,5,0,2,8,14,13,2023-05-29 16:00:00,11,34,17
05/29/23,17,12,123,5,94,17,217,3,32,1,30,18,34,111,3,3,22,0,11,5,51,19,3,14,2,18,3,10,1,10,2,13,24,2,4,6,25,20,2,0,4,1,2,6,15,13,2023-05-29 17:00:00,11,24,16
05/29/23,18,8,131,6,100,14,231,2,34,1,32,21,33,111,1,1,24,0,10,5,55,20,2,18,5,17,1,12,2,11,2,13,22,1,8,7,25,22,3,0,5,1,2,5,15,13,2023-05-29 18:00:00,9,26,14
05/29/23,19,5,136,4,104,9,240,1,35,0,34,22,33,111,3,3,25,0,6,5,54,21,2,17,3,16,3,8,2,6,1,11,23,1,9,6,30,23,0,0,7,1,4,6,15,13,2023-05-29 19:00:00,11,24,14
05/29/23,20,4,140,6,110,10,250,0,35,0,35,24,32,108,3,3,26,0,0,6,55,20,1,17,2,18,2,9,1,8,2,11,18,1,10,7,31,22,0,0,3,3,3,7,15,13,2023-05-29 20:00:00,8,23,14
05/29/23,21,3,143,7,117,10,260,1,36,1,40,31,30,103,4,4,28,0,0,6,53,19,1,18,2,16,3,7,4,6,3,6,20,1,11,4,27,22,0,0,2,2,2,4,14,12,2023-05-29 21:00:00,10,23,10
05/29/23,22,10,153,2,119,12,272,3,39,0,43,32,30,100,1,1,28,0,0,7,51,18,1,15,3,18,5,10,5,1,5,7,20,0,9,5,22,18,0,0,1,1,1,3,14,13,2023-05-29 22:00:00,10,18,8
05/29/23,23,6,159,5,124,11,283,1,40,0,44,36,27,98,1,1,29,0,0,6,57,21,3,17,3,19,4,9,6,0,4,6,14,0,6,4,23,17,0,0,1,1,1,6,14,13,2023-05-29 23:00:00,11,17,7
05/29/23,24,6,165,1,125,7,290,3,43,0,46,36,29,99,3,3,30,0,0,5,57,22,4,17,2,18,2,10,5,0,6,5,14,0,8,6,20,18,0,0,1,1,1,6,15,13,2023-05-30 00:00:00,11,18,8
05/30/23,1,7,7,3,3,10,10,3,3,1,0,0,29,99,6,6,0,0,0,4,55,21,0,18,3,16,3,12,5,3,6,5,13,1,8,7,18,18,0,0,2,2,1,4,16,13,2023-05-30 01:00:00,12,19,11
05/30/23,2,2,9,6,9,8,18,1,4,1,3,3,30,97,5,4,0,0,0,6,52,21,1,15,3,16,3,15,5,2,8,8,10,1,8,4,20,20,0,0,3,2,1,3,16,13,2023-05-30 02:00:00,11,21,13
05/30/23,3,2,11,2,11,4,22,3,7,1,4,3,31,102,4,2,0,0,1,5,56,21,1,18,3,17,0,19,5,1,5,7,15,5,8,5,16,16,1,0,3,2,1,3,15,13,2023-05-30 03:00:00,6,22,11
05/30/23,4,3,14,2,13,5,27,1,8,0,5,4,31,101,5,1,0,0,1,6,52,21,2,17,3,14,0,23,4,0,3,8,15,4,8,7,17,16,1,0,5,2,1,2,15,13,2023-05-30 04:00:00,6,21,13
05/30/23,5,1,15,2,15,3,30,0,8,0,6,6,30,104,4,2,2,0,1,6,53,21,0,18,2,14,0,23,5,0,5,7,19,3,11,7,13,12,1,0,5,1,1,2,15,13,2023-05-30 05:00:00,4,16,11
05/30/23,6,4,19,1,16,5,35,3,11,0,7,6,31,106,2,2,2,0,2,6,53,21,1,18,0,14,1,25,5,0,5,8,22,0,11,11,11,9,0,0,6,1,1,3,15,14,2023-05-30 06:00:00,4,9,10
05/30/23,7,2,21,3,19,5,40,0,11,0,7,6,31,105,2,2,2,0,2,5,51,20,0,17,0,14,1,27,6,1,3,9,23,0,16,11,13,11,0,0,7,0,1,3,15,14,2023-05-30 07:00:00,3,11,11
05/30/23,8,4,25,1,20,5,45,0,11,0,7,6,30,102,0,0,2,0,2,5,53,19,0,18,1,16,3,26,6,2,4,9,20,0,13,9,15,15,0,0,8,1,2,4,15,14,2023-05-30 08:00:00,4,15,9
05/30/23,9,6,31,10,30,16,61,0,11,0,10,6,33,109,0,0,5,0,5,5,51,19,1,16,0,16,2,23,4,1,3,10,28,6,12,7,9,8,3,0,9,1,2,5,15,14,2023-05-30 09:00:00,3,17,10
05/30/23,10,7,38,8,38,15,76,2,13,0,12,9,32,105,0,0,5,2,3,5,47,15,2,15,0,17,3,19,1,0,1,11,27,3,12,10,16,13,3,0,10,1,1,4,15,14,2023-05-30 10:00:00,5,19,11
05/30/23,11,10,48,17,55,27,103,4,17,0,16,9,35,96,0,0,7,2,3,5,47,16,4,16,2,15,1,19,1,0,1,11,18,2,11,7,29,22,3,0,8,1,1,3,15,14,2023-05-30 11:00:00,7,27,11
05/30/23,12,17,73,6,53,23,126,1,18,0,21,9,40,107,0,0,12,2,4,4,52,18,6,17,3,17,2,14,1,0,2,10,26,5,11,7,30,23,3,0,5,0,1,2,15,14,2023-05-30 12:00:00,11,31,10
05/30/23,13,16,89,7,60,23,149,3,21,1,22,11,38,117,2,2,15,3,2,5,54,20,8,17,4,17,3,8,1,0,2,13,29,4,10,8,36,31,2,0,7,0,1,4,14,13,2023-05-30 13:00:00,17,37,15
05/30/23,14,12,101,10,70,22,171,2,23,0,24,14,37,124,2,2,19,6,3,4,54,19,7,17,2,18,4,8,2,7,5,14,35,12,7,8,35,31,1,0,5,0,1,4,15,13,2023-05-30 14:00:00,15,44,16
05/30/23,15,13,100,9,93,22,193,5,28,1,26,16,35,124,7,7,21,6,1,3,56,21,8,17,3,18,4,8,2,6,3,12,30,11,8,7,44,38,1,0,5,0,1,4,16,13,2023-05-30 15:00:00,22,50,19
05/30/23,16,11,111,7,100,18,211,4,32,0,27,18,33,125,12,12,22,6,14,4,54,20,6,16,3,18,3,3,3,6,3,11,27,10,8,9,37,34,13,0,5,0,1,4,17,13,2023-05-30 16:00:00,24,57,23
05/30/23,17,9,120,12,112,21,232,2,34,0,32,22,35,131,13,13,23,6,16,5,53,19,3,16,0,18,2,2,2,6,2,12,32,5,8,10,37,33,11,0,3,0,1,3,16,13,2023-05-30 17:00:00,18,49,25
05/30/23,18,7,127,3,115,10,242,1,35,0,33,25,32,129,7,7,28,6,20,5,51,18,5,16,1,17,2,2,2,1,2,13,33,5,8,13,32,27,15,0,9,0,2,2,20,14,2023-05-30 18:00:00,15,47,20
05/30/23,19,5,132,2,117,7,249,2,37,1,39,27,35,120,1,1,28,6,17,5,53,19,2,16,3,18,1,6,2,2,4,10,30,4,7,11,31,26,8,0,7,0,3,7,21,15,2023-05-30 19:00:00,7,38,11
05/30/23,20,6,138,7,124,13,262,3,40,0,43,32,34,123,1,1,29,6,16,5,55,20,1,18,3,17,1,9,3,1,5,11,31,8,8,6,19,17,7,0,7,0,2,2,20,15,2023-05-30 20:00:00,6,32,12
05/30/23,21,2,140,5,129,7,269,1,41,0,47,40,29,113,0,0,31,6,14,4,52,18,0,17,2,17,2,6,3,1,4,10,27,5,5,7,23,20,5,0,7,0,5,7,20,15,2023-05-30 21:00:00,4,30,10
05/30/23,22,9,149,1,130,10,279,3,44,0,50,42,31,100,0,0,32,6,9,5,48,18,4,16,2,14,0,8,3,2,3,7,20,5,3,4,23,21,3,0,6,0,2,2,20,14,2023-05-30 22:00:00,6,29,7
05/30/23,23,2,151,3,133,5,284,1,45,0,51,46,28,98,0,0,33,6,2,5,45,18,3,16,3,11,0,8,4,2,3,7,22,7,5,4,15,14,2,0,7,0,1,3,19,14,2023-05-30 23:00:00,6,23,7
05/30/23,24,4,155,5,138,9,293,0,45,1,54,46,31,92,0,0,33,6,0,4,45,17,2,14,0,14,1,15,2,3,8,5,19,7,7,0,21,21,0,0,7,0,3,0,19,14,2023-05-31 00:00:00,3,28,5
05/31/23,1,3,3,2,2,5,5,1,1,0,0,0,32,93,0,0,0,0,0,4,46,16,0,14,1,16,3,18,2,4,9,5,19,7,7,3,21,21,0,0,5,0,4,2,19,15,2023-05-31 01:00:00,4,28,5
05/31/23,2,1,4,1,3,2,7,1,2,0,0,0,32,86,0,0,0,0,0,3,46,16,0,14,1,16,1,24,2,4,4,4,13,4,5,5,16,16,0,0,2,0,1,0,20,15,2023-05-31 02:00:00,2,20,4
05/31/23,3,1,5,1,4,2,9,1,3,0,0,0,32,84,0,0,0,0,0,3,46,16,0,14,0,16,1,30,2,3,4,4,11,0,5,13,8,7,0,0,2,0,1,0,20,15,2023-05-31 03:00:00,1,7,4
05/31/23,4,1,6,0,4,1,10,1,4,0,2,0,34,82,0,0,0,0,0,3,46,17,1,13,1,16,0,30,1,1,4,4,9,0,5,9,4,1,0,0,4,0,1,0,20,16,2023-05-31 04:00:00,2,1,4
05/31/23,5,1,7,0,4,1,11,1,5,0,3,0,35,81,0,0,0,0,0,4,46,17,0,13,0,16,0,30,0,1,4,4,7,0,5,7,2,2,0,0,4,0,1,0,20,16,2023-05-31 05:00:00,0,2,4
05/31/23,6,5,12,1,5,6,17,3,8,0,3,1,34,81,0,0,0,0,1,4,46,17,1,14,1,15,0,30,0,1,4,4,7,0,6,5,3,3,1,0,4,0,1,0,20,16,2023-05-31 06:00:00,2,4,4
05/31/23,7,2,14,3,8,5,22,0,8,0,3,1,34,80,0,0,0,0,1,3,45,17,2,14,1,14,0,32,0,1,5,4,8,0,6,6,5,4,1,0,4,0,1,0,20,16,2023-05-31 07:00:00,3,5,4
05/31/23,8,4,18,4,12,8,30,1,9,0,4,1,35,80,0,0,0,0,2,4,43,15,2,14,0,14,1,32,0,1,6,7,6,0,6,3,7,7,2,0,8,0,1,0,20,16,2023-05-31 08:00:00,3,9,7
05/31/23,9,7,25,9,21,16,46,1,10,0,4,1,35,78,0,0,3,0,4,5,43,17,3,13,0,13,1,28,0,2,5,7,3,0,3,4,14,9,1,0,7,0,1,0,20,16,2023-05-31 09:00:00,4,10,7
05/31/23,10,10,35,8,29,18,64,2,12,0,6,1,37,80,0,0,4,0,4,2,45,17,0,14,0,14,1,28,0,2,6,7,6,0,4,8,19,11,1,0,7,0,2,0,20,16,2023-05-31 10:00:00,1,12,7
05/31/23,11,11,46,8,37,19,83,3,15,0,7,1,36,93,0,0,6,0,3,3,53,20,2,16,2,17,3,18,0,2,4,6,12,2,3,8,18,12,1,0,6,0,2,0,19,16,2023-05-31 11:00:00,7,15,6
05/31/23,12,12,58,10,47,22,105,2,17,0,9,1,36,96,0,0,8,0,5,4,53,20,1,15,0,18,4,14,0,1,4,6,14,4,4,7,26,19,3,0,8,0,2,0,19,16,2023-05-31 12:00:00,5,26,6
05/31/23,13,11,69,12,59,23,128,4,21,0,10,3,34,115,4,4,8,0,5,5,53,20,1,17,2,16,4,9,0,3,2,6,27,12,5,6,28,23,3,0,6,0,1,0,20,16,2023-05-31 13:00:00,11,38,10
05/31/23,14,6,75,3,62,9,137,3,24,0,11,4,34,114,4,4,9,0,6,5,50,21,1,16,2,13,4,9,0,3,2,5,29,13,6,7,27,22,4,0,5,0,2,1,21,16,2023-05-31 14:00:00,11,39,9
05/31/23,15,11,86,4,66,15,152,3,27,0,13,6,32,117,4,4,9,0,5,5,51,21,4,17,2,13,2,10,0,2,5,7,29,15,5,5,29,25,2,0,4,0,2,1,21,16,2023-05-31 15:00:00,12,42,11
05/31/23,16,10,96,6,72,16,168,2,29,0,13,9,27,112,3,3,11,0,5,3,50,21,4,15,2,14,3,9,0,2,4,9,28,14,6,5,38,33,2,0,6,0,2,1,19,14,2023-05-31 16:00:00,12,49,12
05/31/23,21,9,132,1,97,10,229,3,43,2,25,18,28,105,3,3,13,2,10,4,54,21,3,18,2,15,3,14,2,2,2,2,23,10,5,2,20,13,5,0,2,0,1,2,19,16,2023-05-31 21:00:00,11,28,5
05/31/23,22,9,141,0,97,9,238,0,43,0,30,19,32,113,4,4,13,2,5,4,53,21,3,18,3,14,2,10,1,1,0,1,30,17,7,2,15,10,2,0,2,0,1,0,21,17,2023-05-31 22:00:00,12,29,5
05/31/23,23,6,147,3,100,9,247,0,43,1,31,23,29,106,5,5,13,2,5,5,51,19,3,17,2,15,1,9,2,0,0,0,27,14,4,2,17,12,1,0,1,0,1,1,18,15,2023-05-31 23:00:00,11,27,5
05/31/23,24,4,151,2,102,6,253,1,44,0,32,23,30,101,2,2,14,2,2,5,52,20,4,17,2,15,1,12,1,0,2,0,24,14,5,6,15,15,1,0,2,0,1,2,18,15,2023-06-01 00:00:00,9,30,2
2006-01-23,1,3,3,1,1,4,4,1,1,1,1,0,31,94,1,1,0,0,1,4,52,18,1,16,1,18,4,11,1,1,2,0,18,10,5,3,15,15,1,0,2,0,1,1,19,15,2023-06-01 01:00:00,7,26,1
2006-01-23,2,2,5,1,2,3,7,1,2,1,1,0,31,93,1,1,1,0,1,4,49,18,2,16,1,15,3,12,2,1,3,3,17,9,6,2,13,13,1,0,5,1,1,0,19,15,2023-06-01 02:00:00,7,23,4
2006-01-23,3,1,5,1,4,2,9,1,3,0,1,1,30,94,1,1,2,0,1,5,48,18,0,16,0,14,1,14,2,1,3,4,17,9,6,2,12,12,1,0,7,2,1,0,19,15,2023-06-01 03:00:00,2,22,5
2006-01-23,4,1,6,0,4,1,10,0,3,0,3,1,32,93,0,0,2,0,1,5,47,18,0,14,0,15,1,18,2,1,0,5,17,5,7,5,10,9,1,0,6,0,1,1,19,16,2023-06-01 04:00:00,1,15,5
2006-01-23,5,1,7,3,7,4,14,0,3,0,3,1,32,91,0,0,3,0,1,5,48,18,0,15,1,15,1,22,3,1,0,5,14,2,7,6,5,4,0,0,6,0,1,0,19,16,2023-06-01 05:00:00,2,6,5
2006-01-23,6,3,10,0,7,3,17,2,5,0,4,1,33,94,0,0,4,0,1,5,50,19,0,15,1,16,2,27,2,0,0,5,15,0,8,6,4,3,0,0,7,0,1,1,19,16,2023-06-01 06:00:00,3,3,5
2006-01-23,7,3,13,4,11,7,24,0,5,1,4,1,33,94,0,0,4,0,1,4,52,20,1,15,0,17,2,27,3,0,0,6,13,0,8,6,8,8,0,0,7,0,2,0,19,16,2023-06-01 07:00:00,3,8,6
2006-01-23,8,3,16,2,13,5,29,0,5,0,4,1,33,96,0,0,4,0,1,5,52,20,1,15,1,17,2,28,2,0,0,6,14,0,9,2,10,10,0,0,7,0,2,2,19,16,2023-06-01 08:00:00,4,10,6
2006-01-23,9,4,19,4,18,8,37,3,8,0,4,1,33,97,0,0,6,0,1,5,54,20,0,16,1,18,3,29,2,0,0,4,15,0,9,5,10,6,0,0,9,1,3,2,19,16,2023-06-01 09:00:00,4,6,4
2006-01-23,10,11,30,7,25,18,55,2,10,0,5,1,34,98,2,2,6,0,1,5,56,21,1,17,0,18,1,27,1,0,0,6,10,0,7,3,18,10,0,0,9,1,2,2,19,16,2023-06-01 10:00:00,4,10,8
2006-01-23,11,8,37,8,34,16,71,2,12,0,12,2,37,91,0,0,8,0,2,6,51,19,0,17,1,15,0,25,0,2,1,5,10,0,7,5,22,9,1,0,9,1,2,0,19,15,2023-06-01 11:00:00,1,10,5
2006-01-23,12,14,51,6,40,20,91,2,14,1,12,2,37,96,3,3,8,1,2,5,54,21,0,17,0,16,1,30,1,2,2,4,11,0,8,1,30,18,1,0,7,0,1,0,19,15,2023-06-01 12:00:00,4,19,7
2006-01-23,13,13,63,10,51,23,114,2,16,0,19,5,38,114,4,4,10,2,1,4,52,19,0,16,3,17,2,21,0,3,2,5,30,8,10,3,18,14,1,0,8,0,1,2,19,15,2023-06-01 13:00:00,9,23,9
2006-01-23,14,16,79,5,56,21,135,3,19,1,23,7,39,111,3,3,14,8,1,6,52,21,0,15,4,16,3,16,0,4,3,4,25,5,10,5,26,23,1,0,7,0,1,2,21,16,2023-06-01 14:00:00,10,29,7
2006-01-23,15,8,87,10,66,18,153,3,22,0,25,12,34,102,0,0,17,9,1,6,50,19,3,16,3,15,1,15,0,5,5,6,24,4,10,7,32,29,1,0,6,0,1,2,16,12,2023-06-01 15:00:00,7,34,6
2006-01-23,16,11,97,3,70,14,167,4,26,0,27,13,35,119,3,3,20,9,0,7,53,21,3,17,3,15,2,11,0,4,5,6,33,19,8,4,20,17,0,0,6,0,2,0,17,12,2023-06-01 16:00:00,11,36,9
2006-01-23,17,10,107,3,73,13,180,4,30,1,29,15,35,124,8,8,20,9,2,7,55,22,0,17,1,16,1,7,2,4,4,6,35,14,8,4,12,12,2,0,5,0,2,2,13,11,2023-06-01 17:00:00,10,28,14
2006-01-23,18,4,111,6,79,10,190,2,32,0,34,20,33,114,6,6,22,9,2,5,56,22,1,18,0,16,4,9,1,2,5,6,28,12,6,4,16,15,1,0,3,0,2,3,13,12,2023-06-01 18:00:00,11,28,12
2006-01-23,19,5,116,7,86,12,202,2,34,0,35,22,32,115,6,6,22,9,0,6,54,20,0,17,0,17,4,22,1,2,6,7,28,15,1,5,15,15,0,0,3,0,2,8,14,11,2023-06-01 19:00:00,10,30,13
2006-01-23,20,12,128,4,90,16,218,2,36,0,37,26,30,110,8,8,22,9,1,5,52,18,0,17,0,17,3,13,3,2,7,7,23,9,1,3,24,24,1,0,1,1,2,4,15,12,2023-06-01 20:00:00,11,34,15
2006-01-23,21,7,135,3,93,10,228,1,37,0,37,28,28,110,5,5,23,9,1,4,51,18,1,17,2,16,2,15,3,3,4,7,27,12,1,4,18,18,1,0,0,1,2,0,16,12,2023-06-01 21:00:00,10,31,12
2006-01-23,22,6,141,3,96,9,237,3,40,0,42,30,31,105,6,6,24,9,1,6,53,18,2,18,3,17,2,14,3,3,4,5,18,8,1,2,18,17,1,0,0,1,2,1,17,12,2023-06-01 22:00:00,13,26,11
2006-01-23,23,1,142,4,100,5,242,2,42,0,44,33,30,97,5,5,24,9,1,3,49,19,4,16,2,14,1,13,4,1,1,6,18,7,1,2,15,15,1,0,2,0,2,1,16,13,2023-06-01 23:00:00,12,23,11
2006-01-23,24,5,147,1,101,6,248,0,42,0,45,33,31,92,3,3,25,9,1,3,50,18,3,16,3,16,3,11,4,1,2,7,14,5,1,8,14,14,1,0,2,0,2,3,15,13,2023-06-02 00:00:00,12,20,10
2006-02-23,1,5,5,1,1,6,6,1,1,0,1,1,31,84,0,0,0,0,1,3,51,18,2,16,2,17,4,15,4,4,1,5,10,5,3,2,16,16,1,0,3,0,2,3,15,13,2023-06-02 01:00:00,8,22,5
2006-02-23,2,5,10,1,2,6,12,3,4,0,1,1,31,85,1,1,0,0,1,3,49,18,1,14,1,17,3,17,4,2,3,6,11,5,4,2,18,18,1,0,3,0,2,3,15,13,2023-06-02 02:00:00,6,24,7
2006-02-23,3,4,14,1,3,5,17,1,5,0,2,1,32,86,0,0,1,0,1,2,51,19,1,15,3,17,0,19,3,1,3,6,12,3,5,3,21,20,1,0,5,0,2,4,15,13,2023-06-02 03:00:00,4,24,6
2006-02-23,4,4,18,0,3,4,21,1,6,0,3,1,33,91,0,0,1,0,1,4,52,19,0,16,4,17,0,27,2,3,3,6,14,3,6,4,21,21,1,0,5,0,2,1,15,13,2023-06-02 04:00:00,4,25,6
2006-02-23,5,3,21,0,3,3,24,3,9,0,3,1,33,95,0,0,1,0,1,6,52,19,0,17,3,16,1,25,2,2,3,8,14,2,7,4,21,19,1,0,6,0,2,0,15,13,2023-06-02 05:00:00,4,22,8
2006-02-23,6,2,23,5,8,7,31,0,9,0,3,1,33,92,0,0,1,0,2,5,52,19,0,16,0,17,1,25,3,4,2,8,12,1,8,4,24,22,2,0,6,0,3,1,15,13,2023-06-02 06:00:00,1,25,8
2006-02-23,7,5,28,0,8,5,36,1,10,0,3,2,32,109,0,0,1,0,0,6,54,20,1,16,0,18,2,25,3,4,2,8,26,11,9,5,13,13,0,0,6,0,2,3,15,13,2023-06-02 07:00:00,3,24,8
2006-02-23,8,1,29,2,10,3,39,1,11,0,5,2,34,109,0,0,1,0,0,6,53,20,1,16,0,17,1,23,2,3,2,8,27,12,10,4,13,13,0,0,8,0,2,2,15,13,2023-06-02 08:00:00,2,25,8
2006-02-23,9,10,39,9,19,19,58,2,13,0,5,2,34,116,0,0,5,0,1,5,55,20,0,17,0,18,2,25,2,3,1,8,32,8,12,11,12,11,1,0,9,0,2,2,16,13,2023-06-02 09:00:00,2,20,8
2006-02-23,10,10,49,9,28,19,77,2,15,0,12,2,40,109,2,2,8,0,1,4,53,18,0,17,1,18,2,22,1,1,0,7,27,7,11,7,20,18,1,0,9,1,1,1,16,14,2023-06-02 10:00:00,5,26,9
2006-02-23,11,12,61,6,34,18,95,4,19,0,14,3,40,118,5,5,10,0,2,4,54,19,1,18,0,17,2,23,1,1,0,7,33,11,10,7,18,12,2,0,11,1,1,1,15,13,2023-06-02 11:00:00,8,25,12
2006-02-23,12,12,73,10,44,22,117,2,21,0,17,8,37,124,7,7,13,0,4,5,52,20,1,15,0,17,3,22,1,2,2,7,38,12,10,8,20,16,3,0,5,1,2,1,15,13,2023-06-02 12:00:00,11,31,14
2006-02-23,13,10,83,7,51,17,134,1,22,0,17,9,35,123,7,7,13,0,5,5,51,15,2,17,3,19,1,14,2,1,2,5,40,13,10,9,27,24,4,0,4,1,3,2,15,12,2023-06-02 13:00:00,13,41,12
2006-02-23,14,13,96,8,59,21,155,4,26,0,19,13,33,124,7,7,17,0,4,6,49,15,0,16,4,18,3,15,3,1,4,4,42,18,8,7,22,18,2,0,7,2,2,1,16,13,2023-06-02 14:00:00,14,38,11
2006-02-23,15,9,105,9,68,18,173,2,28,0,20,16,31,125,5,5,22,0,4,6,49,16,1,17,0,16,3,12,3,1,4,6,41,18,9,7,27,23,3,0,4,2,1,2,18,13,2023-06-02 15:00:00,9,44,11
2006-02-23,17,7,120,13,89,20,209,2,32,1,30,17,37,122,0,0,26,0,5,5,53,20,2,17,2,16,2,8,2,0,5,5,42,17,10,5,35,32,4,0,7,1,2,2,17,13,2023-06-02 17:00:00,6,53,5
2006-02-23,18,3,123,6,95,9,218,3,35,0,38,21,39,112,0,0,26,0,2,5,49,20,1,13,0,16,1,3,2,0,3,4,37,12,9,8,31,29,0,0,6,1,2,3,17,13,2023-06-02 18:00:00,2,41,4
2006-02-23,20,6,141,5,105,11,246,1,38,0,43,26,38,104,0,0,28,0,3,3,47,17,0,15,1,15,0,5,1,0,1,4,31,7,8,8,32,28,0,0,5,0,1,2,19,16,2023-06-02 20:00:00,1,35,4
2006-02-23,23,5,161,5,120,10,281,4,48,0,48,33,36,101,3,3,30,0,2,2,54,20,1,18,2,16,1,6,3,2,4,1,22,1,10,10,31,30,0,0,4,1,1,4,19,16,2023-06-02 23:00:00,7,31,4
2006-02-23,24,5,166,1,121,6,287,2,50,0,50,32,39,92,5,5,31,0,0,3,51,17,0,16,0,18,1,6,4,1,3,1,13,1,7,7,30,29,0,0,4,1,1,2,19,17,2023-06-03 00:00:00,6,30,6
2006-03-23,1,3,3,5,5,8,8,1,1,0,2,2,39,90,0,0,1,0,0,4,53,18,3,18,2,17,1,11,3,1,3,1,12,2,7,6,31,31,0,0,5,1,5,1,20,17,2023-06-03 01:00:00,6,33,1
2006-03-23,2,2,5,2,7,4,12,0,1,0,4,5,38,87,0,0,1,0,0,4,52,18,3,18,0,16,0,13,3,3,7,1,11,3,6,4,33,31,0,0,4,1,5,2,19,17,2023-06-03 02:00:00,3,34,1
2006-03-23,3,3,8,1,8,4,16,3,4,0,4,5,38,84,0,0,1,0,0,3,51,18,2,15,0,18,2,15,4,4,6,1,10,0,7,4,27,26,0,0,5,2,4,1,19,17,2023-06-03 03:00:00,4,26,1
2006-03-23,4,4,12,0,8,4,20,0,4,0,4,5,38,83,0,0,1,0,0,3,50,18,2,15,0,17,0,14,4,0,0,1,10,0,7,8,25,24,0,0,5,2,0,1,19,17,2023-06-03 04:00:00,2,24,1
2006-03-23,5,4,16,0,8,4,24,1,5,0,5,5,39,88,2,2,1,0,0,3,53,18,2,17,1,18,1,17,4,0,1,1,10,0,7,8,22,20,0,0,5,1,1,2,19,17,2023-06-03 05:00:00,6,20,3
2006-03-23,6,3,19,4,12,7,31,1,6,0,5,6,38,92,3,3,1,0,0,3,54,20,4,17,1,17,1,17,5,0,1,3,10,0,7,10,23,19,0,0,5,1,1,3,19,17,2023-06-03 06:00:00,9,19,6
2006-03-23,7,2,21,1,13,3,34,0,6,0,5,6,38,97,1,1,1,0,0,4,55,20,1,18,1,17,0,16,7,1,1,4,14,2,4,16,14,14,0,0,6,1,1,3,19,17,2023-06-03 07:00:00,3,16,5
2006-03-23,9,12,41,8,22,20,63,2,12,0,6,6,39,107,0,0,5,0,0,3,55,20,0,17,2,18,1,14,8,1,1,5,25,12,5,11,19,14,0,0,6,1,1,4,19,17,2023-06-03 09:00:00,3,26,5
2006-03-23,10,6,43,4,30,10,73,0,12,0,6,6,39,104,0,0,7,0,1,4,54,20,0,18,1,16,1,14,8,2,3,5,22,10,6,3,18,14,1,0,6,1,0,2,19,17,2023-06-03 10:00:00,2,25,5
2006-03-23,11,6,49,2,32,8,81,1,13,0,6,6,39,106,0,0,7,0,1,4,52,20,0,15,0,17,1,13,7,1,4,4,27,11,7,3,16,12,1,0,8,1,0,2,19,17,2023-06-03 11:00:00,1,24,4
2006-03-23,12,8,56,7,40,15,96,0,13,0,8,6,39,115,0,0,9,0,0,4,52,19,0,17,2,16,1,18,6,0,1,4,36,16,13,4,16,12,0,0,9,1,0,1,19,17,2023-06-03 12:00:00,3,28,4
2006-03-23,13,5,60,6,47,11,107,1,14,0,10,10,38,120,0,0,11,0,0,4,53,18,0,18,3,17,0,22,6,1,1,5,39,15,17,3,22,16,0,0,8,1,0,2,19,18,2023-06-03 13:00:00,3,31,5
2006-03-23,14,6,68,5,50,11,118,2,16,0,10,12,36,117,0,0,12,0,1,5,51,19,2,18,3,14,0,19,7,0,1,4,38,14,16,3,24,19,1,0,9,0,0,2,19,18,2023-06-03 14:00:00,5,34,4
2006-03-23,15,12,81,5,54,17,135,2,18,0,12,11,37,122,0,0,14,0,2,5,52,20,2,17,2,15,0,10,7,3,0,3,44,16,17,3,27,22,2,0,8,0,0,0,18,17,2023-06-03 15:00:00,4,40,3
2006-03-23,16,6,87,5,59,11,146,1,19,0,18,13,39,122,0,0,17,0,2,4,53,19,1,17,1,17,0,10,4,0,0,4,43,15,15,5,24,20,2,0,11,0,0,0,18,17,2023-06-03 16:00:00,2,37,4
2006-03-23,17,7,92,3,64,10,156,2,21,0,22,17,38,118,2,2,17,0,2,4,54,21,0,17,0,16,0,5,4,2,0,5,36,9,12,7,30,24,2,0,12,0,0,0,17,16,2023-06-03 17:00:00,2,35,7
2006-03-23,18,9,101,4,68,13,169,2,23,0,26,17,41,107,0,0,18,1,3,4,49,18,2,16,0,15,2,9,2,2,2,3,34,9,14,8,31,22,3,0,13,0,0,0,17,16,2023-06-03 18:00:00,4,34,3
2006-03-23,19,6,107,1,69,7,176,2,25,0,27,19,38,93,0,0,19,1,4,3,46,18,2,17,2,11,1,7,3,2,3,2,26,7,12,4,28,22,2,0,9,0,1,0,16,15,2023-06-03 19:00:00,5,31,2
2006-03-23,20,8,115,2,71,10,186,0,25,0,29,22,37,106,0,0,19,1,4,3,48,19,1,15,0,14,0,8,3,1,3,1,38,12,12,4,17,12,2,0,6,0,0,2,16,15,2023-06-03 20:00:00,1,26,1
2006-03-23,21,11,126,2,73,13,199,3,28,0,32,28,34,107,2,2,19,1,2,3,49,20,2,15,2,14,0,8,2,0,5,1,36,12,13,4,18,18,0,0,6,0,0,1,16,16,2023-06-03 21:00:00,6,30,3
2006-03-23,22,7,133,2,75,9,208,2,30,0,36,31,35,126,0,0,19,1,1,2,52,20,1,16,3,16,0,7,3,0,4,1,54,29,14,4,1,1,0,0,6,1,0,1,17,16,2023-06-03 22:00:00,4,30,1
2006-03-23,23,7,140,0,75,7,215,0,30,0,39,31,38,114,0,0,21,1,0,3,48,18,1,15,5,15,0,8,1,0,1,0,45,20,12,1,6,6,0,0,8,1,0,1,18,16,2023-06-03 23:00:00,6,26,0
2006-03-23,24,7,147,4,79,11,226,4,34,0,42,34,38,109,3,3,21,1,0,3,49,19,1,13,5,17,0,9,0,0,0,0,37,18,11,8,10,9,0,0,7,1,0,0,17,16,2023-06-04 00:00:00,9,27,3
2006-04-23,1,4,4,2,2,6,6,1,1,0,1,1,38,99,0,0,0,0,0,3,48,19,1,13,5,16,1,9,0,3,2,0,30,15,11,4,14,13,0,0,7,1,0,1,18,16,2023-06-04 01:00:00,7,28,0
2006-04-23,2,2,6,0,2,2,8,1,2,0,1,1,38,89,0,0,0,0,0,3,46,17,0,12,4,17,2,14,1,5,3,0,22,4,11,5,15,15,0,0,7,1,0,0,18,16,2023-06-04 02:00:00,6,19,0
2006-04-23,3,3,9,0,2,3,11,1,3,0,1,1,38,88,0,0,0,0,0,3,46,16,0,12,3,18,0,18,1,0,0,0,21,1,11,7,16,15,0,0,7,1,0,0,18,16,2023-06-04 03:00:00,3,16,0
2006-04-23,4,5,14,0,2,5,16,0,3,0,1,1,38,89,0,0,0,0,0,4,47,17,1,12,3,18,0,18,1,0,0,0,20,0,11,8,17,17,0,0,9,2,1,3,18,16,2023-06-04 04:00:00,4,17,0
2006-04-23,5,2,16,0,2,2,18,1,4,0,5,1,42,87,0,0,0,0,0,4,45,17,0,12,1,16,0,16,1,1,0,0,19,0,11,11,16,14,0,0,9,1,0,0,19,16,2023-06-04 05:00:00,1,14,0
2006-04-23,6,2,18,0,2,2,20,0,4,0,6,1,43,82,0,0,0,0,0,4,46,16,0,14,1,16,0,18,1,0,0,0,13,0,11,7,11,9,0,0,9,1,0,0,19,16,2023-06-04 06:00:00,1,9,0
2006-04-23,7,6,24,1,3,7,27,2,6,0,6,1,43,85,0,0,0,0,0,3,50,19,3,15,2,16,0,19,1,0,2,0,13,0,11,7,11,9,0,0,9,0,0,2,19,16,2023-06-04 07:00:00,5,9,0
2006-04-23,8,6,30,5,8,11,38,2,8,0,6,1,43,104,2,2,1,0,0,4,52,20,4,16,2,16,0,19,1,0,2,0,27,9,9,7,5,5,0,0,8,0,0,0,19,16,2023-06-04 08:00:00,8,14,2
2006-04-23,9,3,33,5,13,8,46,2,10,0,6,2,41,94,2,2,1,0,0,4,47,16,0,16,1,15,0,20,2,0,3,0,22,1,10,5,8,3,0,0,9,0,0,0,19,16,2023-06-04 09:00:00,3,4,2
2006-04-23,10,7,40,4,17,11,57,4,14,0,6,2,41,94,1,1,1,0,1,3,48,17,2,16,1,15,1,20,2,0,3,0,23,1,14,4,11,6,1,0,10,0,0,0,19,16,2023-06-04 10:00:00,5,8,1
2006-04-23,11,7,47,7,24,14,71,2,16,0,7,2,42,101,2,2,1,0,2,3,49,18,2,17,0,14,1,17,2,1,5,0,28,3,16,7,11,4,0,0,12,0,1,2,19,16,2023-06-04 11:00:00,5,7,2
2006-04-23,12,3,50,11,35,14,85,1,17,0,7,4,38,101,2,2,3,0,2,4,51,19,1,18,0,14,0,15,2,5,4,0,27,5,16,3,20,14,0,0,10,0,0,3,17,15,2023-06-04 12:00:00,3,19,2
2006-04-23,14,4,60,8,47,12,107,2,19,0,10,5,39,98,2,2,7,0,2,4,52,19,1,17,1,16,1,11,2,2,2,0,23,3,15,2,30,24,0,0,5,0,2,2,17,15,2023-06-04 14:00:00,5,27,2
2006-04-23,15,5,65,1,48,6,113,1,20,1,11,8,38,94,0,0,7,0,0,3,53,20,1,18,1,15,0,11,2,1,2,0,20,5,9,2,31,21,0,0,6,0,2,3,18,15,2023-06-04 15:00:00,2,26,0
2006-04-23,16,5,70,7,55,12,125,2,22,0,14,9,39,94,2,2,8,0,0,4,50,19,2,15,0,16,1,5,2,2,1,0,19,4,10,3,26,20,0,0,9,0,2,2,19,15,2023-06-04 16:00:00,5,24,2
2006-04-23,17,3,72,4,60,7,132,1,23,0,16,11,38,87,1,1,9,0,0,4,49,21,2,15,0,13,2,4,1,2,0,0,16,2,9,5,26,20,0,0,9,0,1,0,17,14,2023-06-04 17:00:00,5,22,1
2006-04-23,18,4,76,5,65,9,141,1,24,0,20,17,36,83,0,0,10,0,0,4,50,18,0,17,2,15,3,5,0,2,1,0,12,0,9,3,28,19,0,0,6,0,1,1,17,14,2023-06-04 18:00:00,5,19,0
2006-04-23,19,6,82,5,70,11,152,2,26,0,22,19,34,77,0,0,11,0,0,4,44,16,1,17,2,11,1,7,0,4,1,0,11,0,9,2,32,22,0,0,5,0,0,1,18,14,2023-06-04 19:00:00,4,22,0
2006-04-23,20,5,87,3,73,8,160,1,27,1,23,19,35,77,1,1,12,0,1,4,43,16,1,16,0,11,0,7,0,4,1,0,11,0,10,4,30,19,1,0,5,0,0,1,18,14,2023-06-04 20:00:00,2,20,1
2006-04-23,21,0,87,3,76,3,163,0,27,1,23,24,30,72,0,0,12,0,1,2,42,15,1,17,1,10,0,7,0,3,1,0,11,0,10,4,29,15,0,0,5,0,0,1,17,14,2023-06-04 21:00:00,2,15,0
2006-04-23,22,6,93,3,79,9,172,3,30,0,24,24,29,69,0,0,12,0,1,2,43,16,2,15,1,12,2,9,0,2,3,0,7,0,7,1,24,14,0,0,2,0,0,1,17,14,2023-06-04 22:00:00,5,14,0
2006-04-23,23,5,98,1,80,6,178,0,30,0,24,25,28,64,0,0,12,0,1,2,40,14,0,13,2,13,1,8,0,1,1,0,5,0,5,6,17,13,0,0,2,0,0,2,17,14,2023-06-04 23:00:00,3,13,0
2006-04-23,24,2,100,3,83,5,183,2,32,0,26,25,30,64,0,0,12,0,0,2,40,16,1,14,2,10,1,9,0,1,0,0,6,0,4,4,15,15,0,0,1,0,0,0,16,14,2023-06-05 00:00:00,4,15,0
2006-05-23,1,3,3,2,2,5,5,4,4,0,1,1,30,64,0,0,0,0,0,2,41,15,0,16,2,10,2,12,0,0,1,0,4,0,3,3,15,15,0,0,1,0,0,0,17,14,2023-06-05 01:00:00,4,15,0
2006-05-23,2,2,5,0,2,2,7,1,5,0,3,1,32,63,0,0,0,0,0,2,42,15,0,16,0,11,0,14,2,0,0,0,2,0,1,1,16,16,0,0,1,0,0,0,17,15,2023-06-05 02:00:00,0,16,0
2006-05-23,3,0,5,2,4,2,9,0,5,0,4,1,33,62,0,0,0,0,0,2,41,14,0,16,0,11,0,16,2,0,1,0,2,0,2,0,13,12,0,0,1,0,0,0,17,15,2023-06-05 03:00:00,0,12,0
2006-05-23,4,3,8,0,4,3,12,1,6,0,4,1,33,64,0,0,0,0,0,3,42,15,1,16,0,11,0,16,3,0,1,0,2,0,2,4,10,5,0,0,1,0,0,0,17,15,2023-06-05 04:00:00,1,5,0
2006-05-23,5,2,10,1,5,3,15,1,7,0,5,1,34,66,0,0,0,0,0,3,42,15,0,16,0,11,0,18,2,0,1,0,4,0,2,10,4,1,0,0,1,0,0,0,17,16,2023-06-05 05:00:00,0,1,0
2006-05-23,6,4,14,2,7,6,21,1,8,0,5,1,34,69,0,0,0,0,0,3,44,16,0,17,1,11,0,19,2,0,1,0,5,0,2,12,4,4,0,0,1,0,0,0,17,16,2023-06-05 06:00:00,1,4,0
2006-05-23,7,5,19,2,9,7,28,0,8,0,7,1,36,67,0,0,0,0,0,3,43,15,0,17,0,11,0,19,1,0,1,0,4,0,2,5,10,10,0,0,1,0,0,3,17,16,2023-06-05 07:00:00,0,10,0
2006-05-23,8,4,23,5,14,9,37,0,8,0,7,1,36,68,0,0,1,0,0,3,44,15,0,17,0,12,1,19,1,0,1,0,4,0,3,4,14,14,0,0,1,0,0,0,17,16,2023-06-05 08:00:00,1,14,0
2006-05-23,9,14,37,7,21,21,58,2,10,0,7,1,36,77,0,0,2,0,0,2,49,18,4,16,0,15,3,20,0,1,2,0,9,0,3,4,21,16,0,0,2,0,0,0,17,16,2023-06-05 09:00:00,7,16,0
2006-05-23,10,14,51,7,28,21,79,4,14,0,7,1,36,87,0,0,6,0,0,5,50,17,4,18,1,15,3,17,0,1,2,0,14,0,3,9,19,10,0,0,1,0,0,0,18,16,2023-06-05 10:00:00,8,10,0
2006-05-23,11,15,66,16,44,31,110,2,16,0,8,2,35,90,1,1,11,0,5,5,49,17,6,17,1,15,1,16,0,1,3,0,17,0,3,10,30,16,5,0,1,0,0,0,18,16,2023-06-05 11:00:00,9,21,1
2006-05-23,12,12,78,11,55,23,133,3,19,0,9,3,33,102,2,2,14,0,7,5,44,17,5,12,0,15,2,15,0,1,2,6,29,6,3,8,21,15,4,0,3,0,0,1,16,15,2023-06-05 12:00:00,9,25,8
2006-05-23,14,16,101,7,86,23,187,2,23,0,10,3,32,121,2,2,17,0,9,4,55,21,2,17,2,17,3,14,0,1,1,6,40,13,4,9,24,19,4,0,6,0,0,2,14,13,2023-06-05 14:00:00,9,36,8
2006-05-23,15,6,106,10,97,16,203,2,25,0,10,5,29,118,4,4,21,0,14,5,52,20,2,16,2,16,2,11,0,0,1,5,37,9,7,9,19,14,10,0,6,0,1,1,15,12,2023-06-05 15:00:00,10,33,9
2006-05-23,16,10,116,7,104,17,220,2,27,0,12,6,31,112,5,5,22,0,15,5,51,19,2,17,2,15,1,12,0,1,1,6,29,9,10,2,23,20,10,0,7,0,0,0,16,13,2023-06-05 16:00:00,10,39,11
2006-05-23,17,9,126,2,105,11,231,2,29,0,17,7,34,97,3,3,23,0,15,5,47,18,1,15,1,14,0,12,0,1,3,3,23,7,8,3,25,20,10,0,3,0,1,0,16,13,2023-06-05 17:00:00,5,37,6
2006-05-23,18,8,134,4,109,12,243,2,31,0,22,11,35,109,2,2,25,0,11,5,48,19,2,15,1,14,1,13,1,1,2,3,34,11,6,7,16,13,6,0,3,1,0,0,17,13,2023-06-05 18:00:00,6,30,5
2006-05-23,19,8,142,6,115,14,257,1,32,0,26,11,38,107,3,3,26,0,8,4,48,17,2,16,2,15,0,12,2,0,1,4,30,5,8,6,18,17,4,0,1,0,0,1,18,14,2023-06-05 19:00:00,7,26,7
2006-05-23,20,9,151,5,120,14,271,2,34,1,27,15,35,102,0,0,27,0,4,3,50,19,2,16,0,15,2,15,2,0,1,5,26,5,7,6,27,24,2,0,1,0,1,0,18,13,2023-06-05 20:00:00,4,31,5
2006-05-23,21,5,156,6,126,11,282,1,35,0,30,18,35,97,0,0,27,0,2,4,48,17,1,17,1,14,0,15,3,0,3,5,23,2,9,6,32,28,0,0,1,1,1,1,17,13,2023-06-05 21:00:00,2,30,5
2006-05-23,22,3,159,3,129,6,288,1,36,0,31,19,35,90,0,0,27,0,0,4,44,18,1,13,0,13,0,13,4,3,5,5,20,2,7,7,34,29,0,0,3,1,0,0,17,13,2023-06-05 22:00:00,1,31,5
2006-05-23,23,3,162,2,131,5,293,1,37,0,35,22,35,90,0,0,27,0,0,4,43,18,1,10,0,15,1,13,4,0,1,5,21,1,8,8,29,20,0,0,4,1,0,0,17,15,2023-06-05 23:00:00,2,21,5
2006-05-23,24,2,164,5,136,7,300,0,37,0,36,22,35,90,0,0,27,0,0,5,42,18,1,9,0,15,1,19,3,1,2,5,19,0,11,6,27,19,0,0,3,1,0,1,19,16,2023-06-06 00:00:00,2,19,5
2006-06-23,1,2,2,3,3,5,5,1,1,0,1,2,35,81,0,0,0,0,0,3,44,16,0,12,1,16,1,22,3,1,2,3,12,0,10,4,20,20,0,0,3,1,0,3,19,16,2023-06-06 01:00:00,2,20,3
2006-06-23,2,2,4,3,6,5,10,3,4,0,2,3,35,80,0,0,0,0,1,3,46,17,1,13,1,16,0,25,4,2,0,3,8,1,7,3,18,18,0,0,5,1,0,3,20,16,2023-06-06 02:00:00,2,19,3
2006-06-23,3,1,5,0,6,1,11,1,5,0,2,3,35,79,0,0,0,0,1,3,46,17,0,13,1,16,0,27,3,0,0,3,7,1,6,4,18,13,0,0,6,1,0,2,20,16,2023-06-06 03:00:00,1,14,3
2006-06-23,4,2,7,2,8,4,15,3,8,0,3,3,36,80,0,0,0,0,1,3,47,17,0,14,2,16,0,28,3,0,0,3,7,0,6,8,17,14,0,0,7,1,0,2,20,16,2023-06-06 04:00:00,2,14,3
2006-06-23,5,2,8,0,9,2,17,2,10,0,5,5,36,84,0,0,0,0,1,4,47,16,0,15,1,16,0,27,4,1,0,5,8,0,8,7,6,6,0,0,9,1,0,2,20,16,2023-06-06 05:00:00,1,6,5
2006-06-23,6,2,10,1,10,3,20,0,10,0,6,5,37,82,0,0,0,0,1,4,44,13,0,15,1,16,0,24,5,1,0,5,9,0,9,8,8,5,0,0,7,1,0,2,20,16,2023-06-06 06:00:00,1,5,5
2006-06-23,7,1,11,5,15,6,26,0,10,0,7,5,38,79,0,0,1,0,0,4,43,13,0,15,1,15,0,21,4,1,0,4,8,0,8,2,9,9,0,0,8,0,0,1,20,17,2023-06-06 07:00:00,1,9,4
2006-06-23,8,6,17,4,19,10,36,0,10,0,8,5,39,78,0,0,2,0,0,4,43,13,0,15,1,15,0,20,4,1,0,4,7,0,7,1,18,18,0,0,8,0,0,1,20,17,2023-06-06 08:00:00,1,18,4
2006-06-23,9,6,23,8,27,14,50,2,12,0,9,5,40,80,0,0,3,0,2,4,40,13,1,13,2,14,0,18,4,2,0,4,12,3,7,0,16,9,2,0,8,0,0,1,20,17,2023-06-06 09:00:00,3,14,4
2006-06-23,10,9,32,15,42,24,74,1,13,0,10,5,41,83,0,0,4,0,2,4,43,15,2,13,1,15,1,16,4,1,0,4,11,1,5,4,20,15,2,0,7,0,0,1,21,17,2023-06-06 10:00:00,4,18,4
2006-06-23,11,12,44,14,56,26,100,2,15,0,11,6,40,91,0,0,10,0,5,4,46,17,2,15,3,14,1,17,4,0,1,6,14,0,6,4,27,20,4,0,6,0,0,1,21,17,2023-06-06 11:00:00,6,24,6
2006-06-23,12,7,51,12,68,19,119,2,17,0,14,6,43,98,1,1,16,0,7,3,47,17,2,16,2,14,0,11,4,2,1,7,17,0,7,7,28,18,4,0,3,0,0,0,23,17,2023-06-06 12:00:00,5,22,8
2006-06-23,13,12,63,13,81,25,144,4,21,0,15,9,38,106,3,3,22,0,8,5,45,15,3,16,1,14,0,11,3,2,1,7,25,5,6,6,23,14,2,0,4,0,2,0,21,15,2023-06-06 13:00:00,7,21,10
06/06/23,15,11,83,8,100,19,183,4,27,0,16,14,35,111,3,3,28,8,6,5,49,18,2,17,2,14,3,8,3,2,0,6,28,8,10,5,28,19,6,0,7,0,7,3,20,14,2023-06-06 15:00:00,10,33,9
06/06/23,16,8,91,2,102,10,193,1,28,0,19,19,32,108,4,4,31,8,3,6,43,18,4,14,2,11,2,4,3,4,1,5,32,13,9,9,18,14,3,0,6,0,2,2,18,13,2023-06-06 16:00:00,12,30,9
06/06/23,17,9,100,9,111,18,211,1,29,1,20,21,29,101,3,3,31,8,5,6,47,19,3,16,3,12,2,5,3,7,2,4,24,8,7,4,23,21,3,0,2,0,1,4,17,13,2023-06-06 17:00:00,11,32,7
06/06/23,18,5,105,3,114,8,219,2,31,0,23,21,30,103,3,3,33,8,10,5,48,19,2,14,3,15,1,3,1,0,0,4,27,11,7,6,16,15,6,0,2,0,1,2,16,13,2023-06-06 18:00:00,9,32,7
06/06/23,19,4,109,5,119,9,228,1,32,0,25,22,31,107,3,3,33,8,9,4,52,20,1,15,2,17,0,5,0,2,1,5,27,5,7,9,17,17,6,0,4,1,2,5,16,14,2023-06-06 19:00:00,6,28,8
06/06/23,20,8,117,8,127,16,244,2,34,0,27,23,30,102,0,0,34,8,10,4,51,19,2,15,5,17,1,6,0,0,2,5,25,3,8,6,24,24,6,0,3,0,1,2,17,14,2023-06-06 20:00:00,8,33,5
06/06/23,22,4,134,3,131,7,265,2,40,0,30,29,26,104,0,0,36,8,9,4,48,17,4,17,3,14,0,10,2,0,3,4,32,12,9,8,15,14,4,0,3,1,0,2,16,15,2023-06-06 22:00:00,7,30,4
06/06/23,23,7,141,0,131,7,272,0,40,0,33,29,29,103,0,0,36,8,6,3,51,17,4,17,4,17,0,10,2,1,4,0,32,10,12,5,16,15,4,0,3,0,0,1,17,15,2023-06-06 23:00:00,8,29,0
06/06/23,24,3,144,3,134,6,278,1,41,0,37,29,32,98,0,0,36,8,4,2,51,18,3,17,3,16,0,18,2,1,3,0,27,10,12,5,19,19,3,0,2,0,0,2,18,15,2023-06-07 00:00:00,6,32,0
06/07/23,1,2,2,1,1,3,3,0,0,0,0,1,31,88,0,0,0,0,3,3,50,17,2,17,1,16,0,21,2,1,0,0,17,9,7,0,22,22,3,0,2,0,0,1,18,15,2023-06-07 01:00:00,3,34,0
06/07/23,2,5,7,1,2,6,9,1,1,0,0,1,31,88,0,0,0,0,3,4,49,17,3,17,1,15,0,18,2,1,0,0,17,10,6,1,23,23,3,0,3,0,0,1,18,15,2023-06-07 02:00:00,4,36,0
06/07/23,3,2,9,1,3,3,12,1,2,0,0,3,29,91,0,0,0,0,3,3,52,19,4,18,1,15,0,24,2,1,0,0,18,10,7,2,22,18,3,0,7,0,0,1,18,15,2023-06-07 03:00:00,5,31,0
06/07/23,4,5,14,0,3,5,17,2,4,0,1,3,30,98,1,1,0,0,3,3,54,20,5,18,0,16,0,25,2,1,0,0,22,15,7,4,12,12,3,0,6,0,0,1,18,15,2023-06-07 04:00:00,6,30,1
06/07/23,5,2,16,0,3,2,19,1,5,0,3,3,32,96,1,1,0,0,1,3,54,21,4,17,0,16,0,24,0,0,0,0,20,9,6,8,10,10,0,0,5,0,0,1,18,15,2023-06-07 05:00:00,5,19,1
06/07/23,6,5,21,1,4,6,25,2,7,0,3,3,32,99,3,3,1,0,1,3,52,18,1,17,0,17,1,24,0,1,0,3,20,8,8,9,13,12,0,0,8,0,1,1,18,15,2023-06-07 06:00:00,5,20,6
06/07/23,7,7,28,0,4,7,32,3,10,0,5,3,34,103,0,0,1,0,1,3,53,21,4,17,1,15,1,21,0,1,0,7,20,7,8,9,13,12,0,0,11,0,2,4,20,15,2023-06-07 07:00:00,6,19,7
06/07/23,8,7,35,4,8,11,43,2,12,0,6,3,35,105,0,0,1,0,1,3,55,21,2,18,2,16,1,21,0,1,0,7,21,7,9,10,18,18,0,0,11,0,2,1,19,16,2023-06-07 08:00:00,5,25,7
06/07/23,9,11,46,5,13,16,59,1,13,0,6,3,35,101,0,0,6,0,2,4,52,19,0,18,1,15,1,23,0,1,0,8,18,1,10,8,23,15,1,0,12,0,9,1,19,16,2023-06-07 09:00:00,2,17,8
06/07/23,10,11,57,7,20,18,77,1,14,0,9,3,37,129,2,2,7,0,3,4,51,19,0,17,0,15,3,22,2,1,0,11,42,10,11,9,11,11,2,0,11,0,0,4,19,15,2023-06-07 10:00:00,5,23,13
06/07/23,11,9,66,3,23,12,89,1,15,0,13,6,37,132,0,0,9,0,2,3,52,18,1,17,1,17,4,22,3,1,0,12,45,14,13,9,5,5,2,0,12,0,0,4,20,14,2023-06-07 11:00:00,6,21,12
06/07/23,12,11,77,5,28,16,105,3,18,0,16,9,36,132,0,0,12,0,1,2,52,18,1,18,1,16,4,17,4,4,2,13,46,13,11,8,8,8,1,0,14,1,2,5,19,14,2023-06-07 12:00:00,6,22,13
06/07/23,13,13,90,3,31,16,121,0,18,0,20,11,38,129,0,0,13,0,1,2,50,17,1,18,1,15,3,12,4,0,0,13,42,9,10,9,16,16,0,0,13,1,2,5,22,14,2023-06-07 13:00:00,5,25,13
06/07/23,15,16,118,2,39,18,157,4,25,0,26,18,36,150,4,4,15,0,1,4,52,19,1,18,2,15,2,15,1,1,2,14,54,23,9,6,16,15,0,0,9,2,2,6,22,14,2023-06-07 15:00:00,9,38,18
06/07/23,16,12,130,3,42,15,172,4,29,0,28,18,36,139,5,5,15,0,1,6,52,20,3,16,1,16,3,10,1,1,3,14,42,22,9,3,20,19,0,0,7,2,0,3,20,14,2023-06-07 16:00:00,12,41,19
06/07/23,17,8,138,5,47,13,185,1,30,0,34,26,33,126,3,3,18,0,10,6,55,22,3,17,1,16,1,11,1,1,2,14,30,10,8,5,19,15,6,0,3,1,0,3,18,13,2023-06-07 17:00:00,8,31,17
06/07/23,18,4,142,2,49,6,191,1,31,0,39,26,38,117,2,2,19,0,10,5,53,19,2,18,2,16,2,5,1,0,1,11,26,8,8,6,20,16,3,0,2,0,0,4,20,15,2023-06-07 18:00:00,8,27,13
06/07/23,20,7,145,4,65,11,210,3,34,0,44,30,38,95,0,0,22,0,12,6,49,15,2,18,2,16,1,11,0,0,1,7,14,0,10,5,20,13,6,0,5,0,0,4,19,15,2023-06-07 20:00:00,5,19,7
06/07/23,21,7,152,3,68,10,220,3,37,0,45,31,37,97,1,1,24,0,9,5,48,16,2,17,1,15,2,10,0,2,0,4,21,9,9,2,12,8,3,0,7,1,0,8,18,14,2023-06-07 21:00:00,6,20,5
06/07/23,22,2,154,4,72,6,226,1,38,0,47,37,33,90,0,0,24,0,6,5,45,15,1,18,0,12,1,8,1,0,0,3,21,6,7,2,8,4,1,0,5,2,0,5,16,14,2023-06-07 22:00:00,2,11,3
06/07/23,23,4,158,3,75,7,233,0,38,1,49,40,31,82,0,0,25,0,4,4,43,16,2,15,0,12,0,8,0,0,0,3,16,2,6,4,10,8,1,0,6,2,0,4,16,15,2023-06-07 23:00:00,2,11,3
06/07/23,24,3,161,1,76,4,237,1,39,0,50,41,31,75,0,0,25,0,1,3,37,12,2,14,1,11,0,13,2,0,0,3,15,1,9,8,10,10,1,0,6,2,0,4,17,15,2023-06-08 00:00:00,3,12,3
06/08/23,1,3,3,4,4,7,7,1,1,0,1,1,31,68,0,0,1,0,1,4,36,12,1,13,2,11,0,17,2,0,1,1,10,1,8,1,13,11,1,0,4,2,0,4,17,15,2023-06-08 01:00:00,3,13,1
06/08/23,2,1,4,0,4,1,8,1,2,0,1,1,31,68,0,0,2,0,1,5,36,12,0,13,2,11,0,18,2,0,3,1,9,0,7,5,7,7,1,0,3,2,0,5,17,15,2023-06-08 02:00:00,2,8,1
06/08/23,3,1,5,2,6,3,11,0,2,0,1,1,31,70,0,0,2,0,1,4,38,12,0,14,1,12,1,19,2,0,3,1,10,0,7,7,6,6,0,0,3,2,0,4,17,15,2023-06-08 03:00:00,2,6,1
06/08/23,4,1,6,2,8,3,14,2,4,0,3,1,33,71,0,0,2,0,1,4,39,12,0,14,0,13,1,19,1,0,1,1,10,0,7,6,8,4,0,0,2,2,0,4,17,15,2023-06-08 04:00:00,1,4,1
06/08/23,5,1,7,0,8,1,15,0,4,1,3,1,33,69,0,0,2,0,1,4,39,12,0,14,0,13,1,19,1,0,1,0,9,0,9,0,6,4,0,0,2,2,0,4,17,15,2023-06-08 05:00:00,1,4,0
06/08/23,6,3,10,1,9,4,19,2,6,0,3,2,32,72,0,0,2,0,1,5,40,13,1,14,0,13,1,19,1,0,2,0,10,0,10,4,3,3,0,0,2,2,0,4,17,15,2023-06-08 06:00:00,2,3,0
06/08/23,7,2,12,1,10,3,22,1,7,1,3,2,32,73,0,0,2,0,0,5,40,14,0,15,1,11,0,21,1,0,1,0,9,0,9,3,3,3,0,0,2,2,0,4,19,15,2023-06-08 07:00:00,1,3,0
06/08/23,8,8,20,3,13,11,33,1,8,0,4,2,33,74,0,0,3,0,0,5,41,14,0,15,1,12,1,21,1,0,2,0,9,0,9,3,11,11,0,0,2,1,1,4,19,15,2023-06-08 08:00:00,2,11,0
06/08/23,9,8,28,7,20,15,48,1,9,0,5,2,34,78,0,0,3,0,2,5,42,15,2,15,0,12,0,23,1,0,3,0,12,0,10,4,16,10,1,0,2,1,1,4,19,15,2023-06-08 09:00:00,2,11,0
06/08/23,10,7,35,9,29,16,64,0,9,0,5,2,33,92,0,0,4,1,1,4,47,17,2,15,1,15,2,22,0,0,5,0,22,2,8,8,13,6,1,0,1,1,1,4,19,15,2023-06-08 10:00:00,5,9,0
